,estimator,mode,n_estimators,learning_rate,min_samples_split,min_samples_leaf,max_depth,max_features,subsample,random_state,criterion,decile_0,decile_1,decile_2,decile_3,decile_4,decile_5,decile_6,decile_7,decile_8,decile_9,resp_0,resp_1,resp_2,resp_3,resp_4,resp_5,resp_6,resp_7,resp_8,resp_9,lift_0,lift_1,lift_2,lift_3,lift_4,lift_5,lift_6,lift_7,lift_8,lift_9,max_ks_score,max_ks,c_stat
0,GradientBoostingClassifier,default,70,0.1,50,25,3,sqrt,0.9,10,friedman_mse,1357.0,1356.0,1356.0,1357.0,1356.0,1356.0,1357.0,1356.0,1356.0,1357.0,0.018451296108973364,0.02383862358276338,0.02941386832080652,0.03592053187895871,0.04355681877360681,0.054810147101156906,0.07637851130787263,0.11931508980544979,0.23471336587306957,0.5066495819058462,0.16140314963606514,0.20852892428382758,0.2572985096504856,0.3142157032018498,0.38101430363845556,0.47945305966015384,0.6681228362927388,1.0437115734294655,2.053160725937935,4.43192921507719,0.11029560686525942,0.6866470831832601,0.9152818594826341
