,estimator,mode,n_estimators,max_depth,subsample,colsample_bytree,learning_rate,random_state,booster,use_label_encoder,decile_0,decile_1,decile_2,decile_3,decile_4,decile_5,decile_6,decile_7,decile_8,decile_9,resp_0,resp_1,resp_2,resp_3,resp_4,resp_5,resp_6,resp_7,resp_8,resp_9,lift_0,lift_1,lift_2,lift_3,lift_4,lift_5,lift_6,lift_7,lift_8,lift_9,max_ks_score,max_ks,c_stat
0,XGBClassifier,default,70,3,0.9,0.5,0.1,10,gbtree,False,1357.0,1356.0,1356.0,1357.0,1356.0,1356.0,1357.0,1356.0,1356.0,1357.0,0.011114800348877907,0.016155235469341278,0.020709112286567688,0.02671436406672001,0.03901878744363785,0.05979767069220543,0.08725506067276001,0.1326991617679596,0.25251060724258423,0.5017706751823425,0.09682997316122055,0.1407412588596344,0.18041375279426575,0.23273032903671265,0.33992406725883484,0.52094566822052,0.7601490616798401,1.1560492515563965,2.1998231410980225,4.371328353881836,0.127566,0.7035464287764978,0.9192064948261672
